<searchwords>
  <words>
    <work name="dorn"/>
    <work name="pforte"/>
    <work name="tggc"/>
    <work name="volvic"/>
    <work name="physik"/>
    <work name="devmania"/>
    <work name="ursula"/>
    <work name="zensur"/>
    <work name="hello"/>
    <work name="world"/>
    <work name="laptop"/>
    <work name="vista"/>
    <work name="taste"/>
    <work name="flasche"/>
    <work name="kaffee"/>
    <work name="cola"/>
    <work name="strom"/>
    <work name="wurgs"/>
    <work name="brille"/>
    <work name="deckel"/>
    <work name="mathe"/>
    <work name="halle"/>
    <work name="musik"/>
    <work name="schlaf"/>
    <work name="wach"/>
    <work name="netzteil"/>
    <work name="beamer"/>
    <work name="vortrag"/>
    <work name="nacht"/>
    <work name="handy"/>
    <work name="nickname"/>
    <work name="chuck"/>
    <work name="norris"/>
    <work name="becher"/>
    <work name="foto"/>
    <work name="forum"/>
    <work name="leiste"/>
    <work name="switch"/>
    <work name="monitor"/>
    <work name="wurst"/>
    <work name="senf"/>
    <work name="pfand"/>
    <work name="link"/>
    <work name="dusmania"/>
    <work name="ausfall"/>
    <work name="vollnerd"/>
    <work name="zugfahrt"/>
    <work name="weekend"/>
    <work name="monitor"/>
    <work name="netbook"/>
    <work name="mauspad"/>
    <work name="programm"/>
    <work name="werbung"/>
    <work name="warcraft"/>
    <work name="pause"/>
  </words>
  <levels>
    <level id="1">
      <collider x="3" y="6"/>
      <collider x="3" y="7"/>
      <collider x="3" y="8"/>
      <collider x="6" y="3"/>
      <collider x="7" y="3"/>
      <collider x="8" y="3"/>
      <collider x="11" y="6"/>
      <collider x="11" y="7"/>
      <collider x="11" y="8"/>
      <collider x="6" y="11"/>
      <collider x="7" y="11"/>
      <collider x="8" y="11"/>

    </level>
    <level id="2">
      <collider x="2" y="2"/>
      <collider x="3" y="2"/>
      <collider x="4" y="2"/>
      <collider x="5" y="2"/>
      <collider x="6" y="2"/>
      <collider x="2" y="5"/>
      <collider x="3" y="5"/>
      <collider x="4" y="5"/>
      <collider x="5" y="5"/>
      <collider x="6" y="5"/>
      <collider x="2" y="8"/>
      <collider x="3" y="8"/>
      <collider x="4" y="8"/>
      <collider x="5" y="8"/>
      <collider x="6" y="8"/>
      <collider x="2" y="11"/>
      <collider x="3" y="11"/>
      <collider x="4" y="11"/>
      <collider x="5" y="11"/>
      <collider x="6" y="11"/>
      <collider x="10" y="2"/>
      <collider x="10" y="3"/>
      <collider x="10" y="4"/>
      <collider x="10" y="5"/>
      <collider x="10" y="6"/>
      <collider x="10" y="7"/>
      <collider x="10" y="8"/>
      <collider x="10" y="9"/>
      <collider x="10" y="9"/>
      <collider x="10" y="10"/>
      <collider x="10" y="11"/>
      <collider x="13" y="2"/>
      <collider x="13" y="3"/>
      <collider x="13" y="4"/>
      <collider x="13" y="5"/>
      <collider x="13" y="6"/>
      <collider x="13" y="7"/>
      <collider x="13" y="8"/>
      <collider x="13" y="9"/>
      <collider x="13" y="9"/>
      <collider x="13" y="10"/>
      <collider x="13" y="11"/>
    </level>
    <level id="3">
      <collider x="3" y="3"/>
      <collider x="3" y="4"/>
      <collider x="3" y="5"/>
      <collider x="3" y="6"/>
      <collider x="3" y="7"/>
      <collider x="7" y="3"/>
      <collider x="8" y="3"/>
      <collider x="9" y="3"/>
      <collider x="10" y="3"/>
      <collider x="11" y="3"/>
      <collider x="3" y="11"/>
      <collider x="4" y="11"/>
      <collider x="5" y="11"/>
      <collider x="6" y="11"/>
      <collider x="7" y="11"/>
      <collider x="11" y="7"/>
      <collider x="11" y="8"/>
      <collider x="11" y="9"/>
      <collider x="11" y="10"/>
      <collider x="11" y="11"/>
    </level>
    <level id="4">
      <collider x="3" y="3"/>
      <collider x="4" y="4"/>
      <collider x="5" y="5"/>
      <collider x="6" y="6"/>
      <collider x="11" y="11"/>
      <collider x="10" y="10"/>
      <collider x="9" y="9"/>
      <collider x="8" y="8"/>
      <collider x="3" y="11"/>
      <collider x="4" y="10"/>
      <collider x="5" y="9"/>
      <collider x="6" y="8"/>
      <collider x="8" y="3"/>
      <collider x="9" y="4"/>
      <collider x="10" y="5"/>
      <collider x="11" y="6"/>
    </level>
   </levels>
</searchwords>